Zone;Pays;Ville;Societe;Activite;Site;Email;Telephone;Joignable par;Etat;Statut registre
Afrique;Afrique du Sud;ZA;Johannesburg et Le Cap;AGW — Aluminium & Glass Wholesalers;Grossiste aluminium et verre;agwsystems.co.za;;e-mail;deja contacte;RELANCE 2026-10-06
Afrique;Afrique du Sud;ZA;Roodepoort, Stormill;Furman Glass;Fabrication et distribution de verre architectural;furmanglass.co.za;+27 11 473 6700;e-mail + telephone;deja contacte;RELANCE 2026-10-06
Afrique;Afrique du Sud;ZA;Krugersdorp, Factoria;Glass Partners;Transformation et distribution de verre plat;glasspartners.co.za;+27 11 664 6635;e-mail + telephone;deja contacte;RELANCE 2026-10-06
Afrique;Afrique du Sud;ZA;Alberton, Alrode;McCoy's Glass Wholesale Pty Ltd;Importation et distribution de verre plat;mccoysglass.co.za;+27 11 864 1313;e-mail + telephone;deja contacte;RELANCE 2026-10-06
Afrique;Afrique du Sud;ZA;Gqeberha, Central;National Glass Distribution;Transformation et distribution de verre plat;natglass.co.za;+27 10 593 8400;e-mail + telephone;deja contacte;RELANCE 2026-10-06
Afrique;Afrique du Sud;ZA;Le Cap, KwaZulu-Natal, Gauteng;PG Smartglass;Distribution et transformation de verre haute performance;pgsmartglass.co.za;+27 11 417 5800;e-mail + telephone;ecarte ou protege;NE PAS DEMARCHER
Afrique;Afrique du Sud;ZA;Johannesburg, Wemmer;SA Bullet Resistant Glass Co;Fabrication de vitrage feuilleté de sécurité;sabrg.co.za;+27 11 493 6663;e-mail + telephone;deja contacte;RELANCE 2026-10-06
Afrique;Afrique du Sud;ZA;Johannesburg et Le Cap;Sunflex SA;Systemes vitres et aluminium;sunflex.co.za;;e-mail;deja contacte;RELANCE 2026-10-06
Afrique;Afrique du Sud;ZA;Olifantsfontein (Clayville);The Glass Company (Pty) Ltd;Fourniture de verre commercial et residentiel en Afrique australe;theglasscompany.africa;+27 10 597 3958;e-mail + telephone;deja contacte;RELANCE 2026-10-06
Afrique;Algérie;DZ;Alger, Les Eucalyptus;Baizid Glass Securit;Transformation de verre architectural et de sécurité;bgs-dz.com;+213 770 684659;e-mail + telephone;deja contacte;RELANCE 2026-10-06
Afrique;Algérie;DZ;Chelghoum Laïd (Mila);Glass Lux Bouhedjar;Transformation de verre et miroiterie : trempe, feuillete, bombe, sable;glasslux.net;;e-mail;deja contacte;RELANCE 2026-10-06
Afrique;Algérie;DZ;Larbaâ, Blida;Mediterranean Float Glass;Production et transformation industrielle de verre plat;mfg.dz;;e-mail;ecarte ou protege;NE PAS DEMARCHER
Afrique;Algérie;DZ;El Eulma, Bazer Sakhra;Miranova Glass;Transformation de verre trempé, feuilleté et isolant;miranovaglass.com;+213 550 132218;e-mail + telephone;deja contacte;RELANCE 2026-10-06
Afrique;Algérie;DZ;Annaba;SARL Miroiterie El-Kods;Miroiterie;;;AUCUN CANAL;a ouvrir;A QUALIFIER
Afrique;Algérie;DZ;Oran (Es Senia);Sarl Es Senia Glass;1er transformateur de verre plat de l'Ouest algerien;esseniaglass.com;+213 661 246 326;e-mail + telephone;deja contacte;RELANCE 2026-10-06
Afrique;Algérie;DZ;Taher (Jijel);Technoglass;Import et distribution de verre plat et de tous types de verre;;+213 555 62 47 74;telephone;a ouvrir;A APPELER
Afrique;Algérie;DZ;Guidjel (Setif);Vitrosak;Fourniture de produits en verre plat;;+213 560 53 51 68;telephone;a ouvrir;A APPELER
Afrique;Angola;AO;Luanda (Estrada do Cacuaco km 7, Mulemba);Axial / AS Glass Angola;Verre et menuiserie;axial.co.ao;+244 924 955 330;e-mail + telephone;deja contacte;RELANCE 2026-10-08
Afrique;Angola;AO;Luanda (Kikuxi);EDVidro SA;Production et transformation de verre pour le batiment et l'architecture;edvidro.com;+244 937 047 050;e-mail + telephone;deja contacte;RELANCE 2026-10-08
Afrique;Angola;AO;Luanda (Kikolo, Cacuaco);FVK — Fabrica de Vidros do Kikolo;Trempe et double vitrage, premiere usine de trempe d'Angola;fvk.co.ao;+244 938 879 166;e-mail + telephone;deja contacte;RELANCE 2026-10-05
Afrique;Angola;AO;Viana km 28 (Zone economique speciale);Vidreira de Viana;Verrerie et transformation;vidreiradeviana.com;+244 922 012 998;e-mail + telephone;a ouvrir;A QUALIFIER
Afrique;Botswana;BW;Gaborone (Gaborone West Industrial);Glazing Botswana;Négoce de verre, profiles aluminium, miroirs, portes coulissantes;glazingbotswana.com;;e-mail;deja contacte;RELANCE 2026-10-06
Afrique;Botswana;BW;Gaborone;PG Glass Botswana;Verre batiment et pose;pgglassafrica.com;+267 395 2901;e-mail + telephone;ecarte ou protege;NE PAS DEMARCHER
Afrique;Burkina Faso;BF;Ouagadougou;Tropicalu;Menuiserie aluminium et vitrage;;+226 78 80 88 32;e-mail + telephone;deja contacte;ENVOYE 2026-10-02
Afrique;Burkina Faso;BF;Bobo-Dioulasso et Ouagadougou;VMAEF — Vitrerie Menuiserie Aluminium Excellence du Faso;Vitrerie batiment, menuiserie aluminium, alucobond, murs rideaux et vente de materiaux;vmaef.net;+226 70 00 20 10;e-mail + telephone;deja contacte;RELANCE 2026-10-07
Afrique;Burkina Faso;BF;Ouagadougou;Vitrafa;Vitrerie et menuiserie aluminium;vitrafa.com;+226 69 36 01 01;e-mail + telephone;deja contacte;RELANCE 2026-10-08
Afrique;Bénin;BJ;Cotonou (Tokpa Hoho);ALUTRACO;Aluminium, alucobond et accessoires, distribue sur le Togo, le Burkina, le Mali et le Niger;alutraco.org;+229 01 67 07 07 12;e-mail + telephone;pret a partir;A ENVOYER 2026-10-09
Afrique;Bénin;BJ;Cotonou;ECOMA Benin;Conception, fabrication et pose de menuiserie aluminium depuis plus de 40 ans;ecomabenin.com;;e-mail;deja contacte;RELANCE 2026-10-06
Afrique;Cameroun;CM;Douala (Bepanda);AFRICALU Sarl;Menuiserie aluminium et vitrage;;+237 2 33 40 58 38;e-mail + telephone;a ouvrir;A APPELER
Afrique;Cameroun;CM;Douala (Deido);ALUBAT-CAM Sarl;Menuiserie aluminium et vitrage;;+237 2 33 40 34 06;e-mail + telephone;a ouvrir;A APPELER
Afrique;Cameroun;CM;Douala (Bonaberi);BATALU VERRE;Vitrerie miroiterie;;+237 6 77 40 88 50;telephone;a ouvrir;A APPELER
Afrique;Cameroun;CM;Douala (Sodiko);COMALU;Miroiterie et aluminium;;+237 2 33 39 19 23;e-mail + telephone;a ouvrir;A APPELER
Afrique;Cameroun;CM;Douala;ETS Verrerie et Menuiserie Aluminium;Fabrication portes fenetres et ouvrages alu;;+237 6 95 02 47 87;e-mail + telephone;a ouvrir;A APPELER
Afrique;Cameroun;CM;Douala (Bepanda);LOWA VITRERIE;Vitrerie;;+237 2 33 40 21 30;telephone;a ouvrir;A APPELER
Afrique;Cameroun;CM;Douala (Bepanda);MAISON VERRE;Vitrerie miroiterie;;+237 6 97 40 19 96;e-mail + telephone;a ouvrir;A APPELER
Afrique;Cameroun;CM;Yaoundé (Omnisport);METALUX;Menuiserie aluminium et vitrage;;+237 2 22 21 30 30;e-mail + telephone;a ouvrir;A APPELER
Afrique;Cameroun;CM;Yaoundé (Mvog-Ada);SOBAF Sarl;Menuiserie aluminium et vitrage;;+237 2 22 22 67 78;e-mail + telephone;deja contacte;RELANCE 2026-10-06
Afrique;Cap-Vert;CV;Praia (Ponta d Agua);Alucity Aluminio Comercio e Industria Lda;Commerce et industrie de l aluminium;;;AUCUN CANAL;a ouvrir;A QUALIFIER
Afrique;Cap-Vert;CV;Mindelo (Sao Vicente);Alufer — Sociedade Transformadora de Aluminio e Ferro;Transformation aluminium et fer;;;AUCUN CANAL;a ouvrir;A QUALIFIER
Afrique;Cap-Vert;CV;Cap-Vert;Alutev;Aluminium;;;AUCUN CANAL;a ouvrir;A QUALIFIER
Afrique;Cap-Vert;CV;Mindelo (Rua de Coco);Bento A. Lima Lda;Importation gros et detail;;;AUCUN CANAL;a ouvrir;A QUALIFIER
Afrique;Cap-Vert;CV;Mindelo (Sao Vicente);Neves — Caixilharia Aluminio e Vidro;Chassis aluminium et verre;;;AUCUN CANAL;a ouvrir;A QUALIFIER
Afrique;Cap-Vert;CV;Praia (Achada Grande Tras);Serralharia Vidal;Ferronnerie aluminium chassis de fenetres grilles et portails;svidal.cv;+238 261 21 77;e-mail + telephone;deja contacte;ENVOYE 2026-10-08
Afrique;Côte d'Ivoire;CI;Abidjan (zone industrielle de Koumassi);ETOILE GLASS;Miroiterie et vitrerie;;;AUCUN CANAL;a ouvrir;A QUALIFIER
Afrique;Côte d'Ivoire;CI;Abidjan (immeuble Regus Plein Ciel Blvd VGE);GENERAL GLASS CI;Grossiste en verrerie;;;AUCUN CANAL;a ouvrir;A QUALIFIER
Afrique;Côte d'Ivoire;CI;Abidjan;GLASSIVOIRE;Vitrages techniques anti-balles mur-rideau triplex et verre securit;;;AUCUN CANAL;a ouvrir;A QUALIFIER
Afrique;Côte d'Ivoire;CI;Abidjan;IVOIR GLASS;Miroiterie et vitrerie;;;AUCUN CANAL;a ouvrir;A QUALIFIER
Afrique;Côte d'Ivoire;CI;Abidjan (II Plateaux SOCOCE Blvd Latrille);NET GLASS-CI;Negoce verrier;netglass-ci.com;;e-mail;deja contacte;ENVOYE 2026-10-08
Afrique;Côte d'Ivoire;CI;Abidjan (Plateau);NOMIRA — Nouvelle Miroiterie Africaine;Miroiterie et vitrerie;;+225 27 21 25 65 45;e-mail + telephone;deja contacte;RELANCE 2026-10-06
Afrique;Côte d'Ivoire;CI;Abidjan (Vridi);SIGLASS;Verre plat, implante en zone portuaire de Vridi;siglass-ci.com;+225 27 21 27 02 62;e-mail + telephone;deja contacte;ENVOYE 2026-10-06
Afrique;Côte d'Ivoire;CI;Abidjan (Marcory zone 4);SIVIMI — Sté Ivoirienne de Vitrerie et Miroiterie;Vitrerie, miroiterie et menuiserie metallique;;+225 27 21 35 03 14;telephone;a ouvrir;A APPELER
Afrique;Côte d'Ivoire;CI;Abidjan (Koumassi zone industrielle);Societe Ivoire Glass Compagnie;Fabrication menuiserie verre et metal, import-export;;;e-mail;deja contacte;RELANCE 2026-10-06
Afrique;Côte d'Ivoire;CI;Abidjan, Plateau;Sovitam Group;Transformation et distribution de verre architectural;sovitam.net;;e-mail;ecarte ou protege;ADRESSE INVALIDE
Afrique;Côte d'Ivoire;CI;Abidjan;Universelle Vitrerie SARL;Vitrerie et miroiterie;;;AUCUN CANAL;a ouvrir;A QUALIFIER
Afrique;Côte d'Ivoire;CI;Abidjan (Cocody);VITRINES;Portes et fenetres alu vitrees vitrines;vitrerie.business;+225 05 74 44 44 25;telephone;a ouvrir;A APPELER
Afrique;Côte d'Ivoire;CI;Abidjan (Koumassi);Vitrolux;Menuiserie aluminium et miroiterie;vitrolux-ci.com;;AUCUN CANAL;ecarte ou protege;ADRESSE INVALIDE
Afrique;Gabon;GA;Libreville (Z.I. d'Oloumi);Miroiterie-Vitrerie d'Oloumi;Miroiterie, vitrerie et verre trempe SECURIT;;+241 11 72 08 30;telephone;a ouvrir;A APPELER
Afrique;Gambie;GM;Banjul (Old Jeshwang);Atlantic Glass Company;Fabrication sur mesure portes coulissantes fenetres rampes et cloisons alu;;;AUCUN CANAL;a ouvrir;A APPELER
Afrique;Gambie;GM;Banjul;KJ Glass & Aluminium Co. Ltd;Fabrication aluminium pose de vitrage fenetres portes cloisons et devantures;kjglassaluminium.com;+220 989 2570;e-mail + telephone;deja contacte;ENVOYE 2026-10-02
Afrique;Ghana;GH;Accra, South Industrial Area;Alutrade;Transformation de verre et distribution aluminium;alutradegh.com;+233 24 863 4546;e-mail + telephone;deja contacte;RELANCE 2026-10-06
Afrique;Ghana;GH;Accra (Oyarifa);Brittin Industries;Trempé, feuilleté, isolant, simple vitrage;brittinindustries.com;+233 57 638 7743;e-mail + telephone;deja contacte;RELANCE 2026-10-06
Afrique;Ghana;GH;Ghana;Daoris Glass;Negoce verrier declarant fournir les pays voisins;;;AUCUN CANAL;a ouvrir;A QUALIFIER
Afrique;Ghana;GH;Tema;Ghana Glass Works Ltd;Fabrication et fourniture de verre plat;ghanaglass.com;+233 302 701 700;telephone;a ouvrir;A QUALIFIER
Afrique;Ghana;GH;Accra;Glass Experts Ghana;Trempé sans cadre, vitrines, dépoli, garde-corps;myglassexperts.com;;AUCUN CANAL;a ouvrir;A QUALIFIER
Afrique;Ghana;GH;Accra, Banana Inn;Perfect Glass Ghana;Transformation de verre et fabrication de façades;perfectglassgh.com;+233 204 336 854;e-mail + telephone;pret a partir;A RENVOYER
Afrique;Ghana;GH;Accra (East Legon);Prime Glass Ghana;Solutions verre et metal residentiel commercial et industriel;primeglassghana.com;;e-mail;deja contacte;ENVOYE 2026-10-02
Afrique;Ghana;GH;Tema (106 Graphic Road);Punamactex Ent. Ltd;Maison de negoce, verre a vitre float clair et float teinte;;+233 21 689800;telephone;a ouvrir;A APPELER
Afrique;Ghana;GH;Accra;Sofaamy Glass Processing Ghana Ltd;Usine moderne : verre, profilés alu, panneaux composites, garde-corps;glass.sofaamy.com;+233 24 795 8357;e-mail + telephone;deja contacte;RELANCE 2026-10-06
Afrique;Guinée;GN;Conakry (Ratoma);ALU Guinée;Fabrication et vente de portes, fenetres et mobilier verre;;;AUCUN CANAL;a ouvrir;A APPELER
Afrique;Guinée;GN;Conakry;VFK SARL — Vitrerie et Ferronnerie chez KASSA;Vitrerie ferronnerie et aluminium;;+224 623 10 09 09;telephone;a ouvrir;A APPELER
Afrique;Kenya;KE;Nairobi;Aluglass Africa Ltd;Verre et menuiserie aluminium;aluglass-africa.com;;e-mail;deja contacte;RELANCE 2026-10-08
Afrique;Kenya;KE;Nairobi (Industrial Area);Empire Glass Industries Ltd;Transformation de float, créée en 2015;empireglass.biz;+254 20 651 0000;e-mail + telephone;deja contacte;RELANCE 2026-10-06
Afrique;Kenya;KE;Nairobi;Essajee Amijee & Sons Ltd;Fabricant et distributeur, 80+ références bâtiment;essajee.co.ke;+254 733 604 401;e-mail + telephone;deja contacte;RELANCE 2026-10-06
Afrique;Kenya;KE;Nairobi;Hebatullah Bros Ltd;Transformation verre, uPVC et aluminium, depuis 1930;hebatullah.com;+254 722 786 606;e-mail + telephone;deja contacte;RELANCE 2026-10-06
Afrique;Kenya;KE;Nairobi, zone industrielle;Impala Glass Industries Ltd;Transformation et distribution de verre architectural;impalaglass.com;+254 780 727269;e-mail + telephone;deja contacte;RELANCE 2026-10-06
Afrique;Kenya;KE;Nairobi;Mufaddal Glass Distributors Ltd;Distributeur, four de trempe jusqu'à 2440 × 3660 mm;mufaddalglass.com;+254 20 553 999;e-mail + telephone;deja contacte;RELANCE 2026-10-06
Afrique;Kenya;KE;Nairobi;Nairobi Glass and Motor House Ltd;Verre, acier et aluminium depuis 1983;nairobiglass.com;+254 700 193081;e-mail + telephone;deja contacte;RELANCE 2026-10-06
Afrique;Kenya;KE;Nairobi (Langata);Smart Glass Industries Ltd;Feuillete, anti-effraction, pare-balles, verre d'art, sable;smartglassltd.com;+254 722 524 170;e-mail + telephone;deja contacte;RELANCE 2026-10-06
Afrique;Kenya;KE;Nairobi (Athi River);Titan Glass Ltd;Double vitrage, trempé, feuilleté pour l'Afrique de l'Est;titanglass.co.ke;+254 700 178 144;e-mail + telephone;deja contacte;ENVOYE 2026-10-07
Afrique;Kenya;KE;Nairobi;— serres kenyanes ecartees apres verification;Construction de serres;;;AUCUN CANAL;ecarte ou protege;ECARTE — HORS GAMME
Afrique;La Réunion;RE;Saint-Pierre (Chemin Badamier);Dijoux Vitrerie et Miroiterie;Vitrerie et miroiterie;dijouxvitrerie.com;+262 262 26 68 40;e-mail + telephone;deja contacte;ENVOYE 2026-10-06
Afrique;La Réunion;RE;Saint-Louis;EURL Miro Verre;Transformation du verre plat;;;AUCUN CANAL;a ouvrir;A QUALIFIER
Afrique;La Réunion;RE;Saint-Denis (2 allée des Tulipes);Le Vitrier Rapide;Vitrerie et double vitrage;;;AUCUN CANAL;a ouvrir;A QUALIFIER
Afrique;La Réunion;RE;Saint-André (Chemin Pente Sassy);Miro Est;Vitrerie et miroiterie;vitrerie-miroest.fr;+262 262 58 01 39;e-mail + telephone;deja contacte;ENVOYE 2026-10-06
Afrique;La Réunion;RE;Le Port;Miroglass;Miroiterie et vitrerie;;;AUCUN CANAL;a ouvrir;A QUALIFIER
Afrique;La Réunion;RE;Sainte-Suzanne et Saint-André;Réunivitre;Vitrerie et miroiterie;reunivitre-vitrerie-974.fr;+262 693 47 00 58;e-mail + telephone;pret a partir;A ENVOYER 2026-10-13
Afrique;La Réunion;RE;—;SOREMIR — Sté Réunionnaise de Miroiterie;Miroiterie;soremir.re;+262 262 29 18 17;e-mail + telephone;deja contacte;RELANCE 2026-10-06
Afrique;La Réunion;RE;Saint-Pierre;Vitrerie Miroiterie Lemoine;Double vitrage vitrerie et decoupe de verre;;;AUCUN CANAL;a ouvrir;A QUALIFIER
Afrique;Liberia;LR;Monrovia (Sinkor);International Aluminum Factory (IAF);Fenetres, portes, couverture et murs rideaux aluminium et verre;;+231 77 089 9990;e-mail + telephone;deja contacte;ENVOYE 2026-10-02
Afrique;Libye;LY;Libye;Attina Glass;Verrerie;;;AUCUN CANAL;a ouvrir;A QUALIFIER
Afrique;Libye;LY;Tripoli;Azizia Glass Manufacturing Company (AGMC);Usine de transformation du verre;;;AUCUN CANAL;a ouvrir;A QUALIFIER
Afrique;Libye;LY;Tripoli (Sidi Al-Sayah);Desert Glass;Trempe, feuillete et verre architectural;desert-glass.ly;;AUCUN CANAL;ecarte ou protege;ECARTE — HORS PERIMETRE
Afrique;Libye;LY;Tripoli (Arada, Souk Al Joumaa);North Africa for Importing Glass;Import de verre float toutes categories;;+218 91 209 1023;telephone;a ouvrir;A APPELER
Afrique;Madagascar;MG;Antananarivo;ALU DESSIN LTD;Aluminium materiaux quincaillerie miroiterie et import;;+261 20 22 681 21;telephone;a ouvrir;A APPELER
Afrique;Madagascar;MG;Antananarivo et Majunga;ALU Madagascar;Distribution de menuiserie aluminium;alu.mg;+261 20 23 618 70;e-mail + telephone;deja contacte;RELANCE 2026-10-06
Afrique;Madagascar;MG;Antananarivo;C.I.C — Comptoir de l'Industrie et du Commerce;Vitrerie, miroiterie, materiaux;;+261 20 22 208 58;e-mail + telephone;deja contacte;RELANCE 2026-10-06
Afrique;Madagascar;MG;Antananarivo;FDC Madagascar — Future Development Corporation Ltd;Menuiserie aluminium miroiterie et vitrerie;;+261 20 22 265 20;telephone;a ouvrir;A APPELER
Afrique;Madagascar;MG;Antananarivo (Zone Forello Tanjombato);Royal Glass Madagascar (RGM);Transformation de verre, toutes techniques de faconnage;;;e-mail;deja contacte;ENVOYE 2026-10-07
Afrique;Madagascar;MG;Antananarivo;Socavitre;Vitres et menuiserie aluminium;;+261 20 22 682 28;e-mail + telephone;deja contacte;RELANCE 2026-10-08
Afrique;Madagascar;MG;Antananarivo;Tometal;Vitres et menuiserie aluminium;tometal.net;+261 20 22 541 88;telephone;a ouvrir;A QUALIFIER
Afrique;Madagascar;MG;Antananarivo;VERTEC Madagascar;Verre a la demande, gamme large;vertec.mg;+261 34 02 117 86;e-mail + telephone;deja contacte;ENVOYE 2026-10-07
Afrique;Malawi;MW;Blantyre (Ginnery Corner);AGA — Affordable Glass & Aluminium;Fabrication verre et aluminium depuis 2002;;+265 212 245 346;telephone;a ouvrir;A APPELER
Afrique;Malawi;MW;Blantyre et Lilongwe;PG Glass Malawi;Fourniture et pose de vitrage batiment, deux agences;pgglassafrica.com;;e-mail;ecarte ou protege;NE PAS DEMARCHER
Afrique;Mali;ML;Bamako (Quartier du Fleuve);METALSOUDAN;Menuiserie metallique et aluminium, couverture, vitrerie et materiaux;metalsoudan.com;+223 20 22 53 72;e-mail + telephone;deja contacte;RELANCE 2026-10-06
Afrique;Maroc;MA;Casablanca;7glass;Miroiterie;;;AUCUN CANAL;a ouvrir;A QUALIFIER
Afrique;Maroc;MA;Casablanca;Africa-Glaces;Vente en gros de verre a vitre et d articles de miroiterie;;;AUCUN CANAL;a ouvrir;A QUALIFIER
Afrique;Maroc;MA;Casablanca;Aldeverre;Miroiterie;;;AUCUN CANAL;a ouvrir;A QUALIFIER
Afrique;Maroc;MA;Tanger;Alumgo;Fabrication decoupe et pose de verre trempe et vitrages sur mesure;alumgo.ma;+212 679 11 77 11;telephone;a ouvrir;A QUALIFIER
Afrique;Maroc;MA;Mohammedia (lot 40, zone industrielle Sud-Ouest);Arkiglass;Transformation du verre architectural, verre de sécurité;arkiglass.ma;+212 5 23 31 00 00;e-mail + telephone;pret a partir;A ENVOYER 2026-10-09
Afrique;Maroc;MA;Casablanca;Authentique Décor;Miroiterie et decoration;;;AUCUN CANAL;a ouvrir;A QUALIFIER
Afrique;Maroc;MA;Casablanca;Camiverre;Transformation de verre plat : double vitrage phonique, vitrage decoratif;camiverre.com;+212 5 22 78 12 36;e-mail + telephone;deja contacte;RELANCE 2026-10-06
Afrique;Maroc;MA;Casablanca;Choix Verre (ex-Miroiterie la Corniche);Transformation et pose, familiale depuis 1995;choixverre.ma;;e-mail;pret a partir;A ENVOYER 2026-10-13
Afrique;Maroc;MA;Tanger;Conciera;Travaux de verre et miroiterie fabrication et pose de verre trempe double vitrage et feuillete;concieralum.ma;+212 646 840 405;telephone;a ouvrir;A QUALIFIER
Afrique;Maroc;MA;Casablanca;Delta Glass Maroc;Vente de verres et miroirs double vitrage verre feuillete et trempe;;;AUCUN CANAL;a ouvrir;A QUALIFIER
Afrique;Maroc;MA;Fès;El Wifaq Verre;Trempé, feuilleté, double vitrage, miroirs;elwifaqverre.ma;+212 5 35 60 57 89;e-mail + telephone;pret a partir;A ENVOYER 2026-10-09
Afrique;Maroc;MA;Casablanca;Elmallouli Verre;Miroiterie;;;AUCUN CANAL;a ouvrir;A QUALIFIER
Afrique;Maroc;MA;Casablanca;Glastec;Fabrication de verre trempe feuillete et double vitrage avec faconnage biseautage et gravure;;;AUCUN CANAL;a ouvrir;A QUALIFIER
Afrique;Maroc;MA;Fes;IMDV — Industrie Marocaine du Verre;Transformation et distribution de verre plat pour le batiment;imdv.ma;+212 535 65 74 84;e-mail + telephone;deja contacte;ENVOYE 2026-10-06
Afrique;Maroc;MA;Casablanca;Ifghi Zone Accessoires;Verre de securite verre trempe garde-corps et quincaillerie inox pour verre;;;AUCUN CANAL;a ouvrir;A QUALIFIER
Afrique;Maroc;MA;—;Inalver;Vitrerie, miroiterie, aluminium, façonnage;inalver.com;+212 5 28 83 52 22;e-mail + telephone;deja contacte;RELANCE 2026-10-06
Afrique;Maroc;MA;Tanger;Koutetac Sarl;Verre trempe;;;AUCUN CANAL;a ouvrir;A QUALIFIER
Afrique;Maroc;MA;Tanger;L'Atelier 3M;Verre trempe;;;AUCUN CANAL;a ouvrir;A QUALIFIER
Afrique;Maroc;MA;Casablanca;Larchimic;Verres miroirs et produits de collage et de scellement pour double vitrage;;;AUCUN CANAL;a ouvrir;A QUALIFIER
Afrique;Maroc;MA;Casablanca (et Rabat Fès Tanger);Le Miroir;Verre sur mesure pour particuliers et professionnels;lemiroir.ma;;AUCUN CANAL;a ouvrir;A QUALIFIER
Afrique;Maroc;MA;Aïn Atiq, Témara;Med Glass Industry;Transformation de verre trempé et isolant;medglass.ma;+212 537 749800;e-mail + telephone;pret a partir;A ENVOYER 2026-10-09
Afrique;Maroc;MA;Tanger;Metal Tanger;Verre trempe et metallerie;;;AUCUN CANAL;a ouvrir;A QUALIFIER
Afrique;Maroc;MA;Casablanca;Ouchtar Commerciale;Importation et distribution de verres de batiment de securite et trempes et de profiles aluminium;;;AUCUN CANAL;a ouvrir;A QUALIFIER
Afrique;Maroc;MA;Tanger;Profesteel;Menuiserie aluminium avec double vitrage;;;AUCUN CANAL;a ouvrir;A QUALIFIER
Afrique;Maroc;MA;Casablanca (Bd Zerktouni);SEVAM — Societe d'Exploitation de Verreries au Maroc;Verrerie;sevam.ma;;AUCUN CANAL;ecarte ou protege;ECARTE — HORS PERIMETRE
Afrique;Maroc;MA;Casablanca;Somaver — Société Marocaine du Verre;Fabrication de verre trempe et feuillete pour l automobile et le batiment, double vitrage;;;AUCUN CANAL;a ouvrir;A QUALIFIER
Afrique;Maroc;MA;Casablanca;Somidav — Société Vitrerie Miroiterie Daoudi;Negoce de verres a vitres et de miroirs;;;AUCUN CANAL;a ouvrir;A QUALIFIER
Afrique;Maroc;MA;Casablanca;Sotraglace Maroc;Transformation de verre architectural trempe emaille feuillete anti-balles et double vitrage;;;AUCUN CANAL;a ouvrir;A QUALIFIER
Afrique;Maroc;MA;Casablanca;Vitrerie & Miroiterie Casablanca;Atelier de vitrerie et miroiterie depuis 2009 verre trempe double vitrage et feuillete;vitrier-design.ma;;AUCUN CANAL;a ouvrir;A QUALIFIER
Afrique;Maurice;MU;Pailles, Montebello;AGI (Mauritius) Ltd;Importation et distribution de verre plat;agimauritius.com;+230 286 2323;e-mail + telephone;deja contacte;RELANCE 2026-10-06
Afrique;Maurice;MU;Port-Louis (Sainte-Croix);G&S Aluminium Mauritius;Menuiserie aluminium et vitrage;;+230 5848 0641;e-mail + telephone;deja contacte;ENVOYE 2026-10-01
Afrique;Maurice;MU;Port-Louis (Roche Bois);Glasslam (Mauritius) Ltd;Verre trempe, feuillete, miroiterie;glasslamltd.com;+230 216 6831;e-mail + telephone;deja contacte;RELANCE 2026-10-06
Afrique;Maurice;MU;Port-Louis (port autonome);Riou Ocean Glass;Usine de transformation du verre plat, ligne de double vitrage, 10 000 m2;;;AUCUN CANAL;a ouvrir;A QUALIFIER
Afrique;Maurice;MU;Triolet (Royal Road 7th Miles);Sharm Group Ltd;Import et distribution de float clair, imprime, reflechissant, miroir argent et teinte;sharmglass.com;;e-mail;deja contacte;RELANCE 2026-10-08
Afrique;Maurice;MU;Port-Louis (Plaine Lauzun);VS Aluminium Ltd;Menuiserie aluminium;vsaluminium.com;+230 5255 6777;telephone;a ouvrir;A QUALIFIER
Afrique;Mauritanie;MR;Nouakchott (immeuble UTM avenue Faycal);Societe de menuiserie aluminium — raison sociale non etablie;Menuiserie aluminium, vente aux professionnels et aux particuliers;;+222 45 24 44 00;telephone;a ouvrir;A APPELER
Afrique;Mayotte;YT;Mamoudzou (ZI Kaweni);Techniglass Mayotte;Miroiterie, vitrerie et decoupe de verre;techniglass-mayotte.fr;+262 269 63 56 54;telephone;a ouvrir;A APPELER
Afrique;Mozambique;MZ;Matola (Lingamo);Arte Vidro Mocambique;Transformation de verre plat, double vitrage, miroirs sur mesure;artevidro.co.mz;+258 878 189 076;e-mail + telephone;pret a partir;A RENVOYER
Afrique;Mozambique;MZ;Maputo (Av. do Trabalho);FDC — Future Development Corporation Lda;Fabrication assemblage et vente alu inox et verre;fdc2000.co.mz;+258 84 917 6666;e-mail + telephone;deja contacte;RELANCE 2026-10-06
Afrique;Mozambique;MZ;Machava (Matlhemele);Vitroglass Mocambique;Transformation, negoce et pose de verre;vitroglass.co.mz;+258 21 485 427;e-mail + telephone;deja contacte;RELANCE 2026-10-07
Afrique;Namibie;NA;Windhoek;Africa Glass & Aluminium Namibia;Verre batiment, devantures aluminium, fenetres et portes;;;AUCUN CANAL;a ouvrir;A APPELER
Afrique;Namibie;NA;Windhoek;PG Glass Namibia;Production, distribution et pose de verre batiment, aluminium et films;pgglassafrica.com;+264 83 387 5000 et mobile +264 81 149 3977;e-mail + telephone;DOSSIER VIVANT;DEMANDE DE PRIX — SPECS CONFIRMEES
Afrique;Nigéria;NG;Abuja, Idu Industrial Area 1B;Abumet Nigeria Ltd.;Fabrication de façades aluminium et vitrages isolants;abumet-nigeria.com;+234 803 906 7334;e-mail + telephone;deja contacte;RELANCE 2026-10-06
Afrique;Nigéria;NG;Lagos, Apapa;African Industries Group;Production de verre plat et de miroirs;africanindustries.com;+234 701 583 1220;e-mail + telephone;deja contacte;RELANCE 2026-10-08
Afrique;Nigéria;NG;Lagos (Amuwo Odofin);Crystal Glass Nigeria Ltd;Maison mere de TechnoGlass, depuis 1985;;;AUCUN CANAL;ecarte ou protege;NE PAS DEMARCHER
Afrique;Nigéria;NG;Lagos (Ojota) et Abuja (Jabi);Ekoglass Ventures Nigeria;Verrerie de batiment, deux implantations;;;AUCUN CANAL;a ouvrir;A QUALIFIER
Afrique;Nigéria;NG;Lagos;Express Tempered Glass Ltd;Trempé, vente en ligne;glass.com.ng;;AUCUN CANAL;ecarte ou protege;NE PAS DEMARCHER
Afrique;Nigéria;NG;Lagos (Ago Palace Way);FITglass — Frameless Impression Tempered Glass;Trempé sur mesure, miroir, double vitrage, verre commutable;fitglass.com.ng;;e-mail;pret a partir;A RENVOYER
Afrique;Nigéria;NG;Lagos;GLASSAL Nigeria Ltd;Construction verre et acier, fabrication et pose alu-verre;glassalng.com;;e-mail;deja contacte;ENVOYE 2026-10-02
Afrique;Nigéria;NG;Abuja (Guzape, Asokoro Extension);Glass House International Nigeria Limited;Fabrication fourniture et pose de cloisons verrieres skylights et murs-rideaux;glasshousenga.com;;AUCUN CANAL;a ouvrir;A QUALIFIER
Afrique;Nigéria;NG;Lagos Island;Glass Production (City Hall);Production et fourniture de verre;glass.com.ng;;AUCUN CANAL;ecarte ou protege;NE PAS DEMARCHER
Afrique;Nigéria;NG;Lagos Island;Glass.com.ng;Plateforme de vente de verre sur mesure : trempe, feuillete;glass.com.ng;;e-mail;deja contacte;RELANCE 2026-10-06
Afrique;Nigéria;NG;Lagos;GlassFusion;Verre architectural et systemes de facade murs-rideaux et vitrage structurel;glassfusion.ng;;e-mail;deja contacte;ENVOYE 2026-10-02
Afrique;Nigéria;NG;Lagos;Grand Style Glass Ventures;Verrerie de batiment;;;AUCUN CANAL;a ouvrir;A QUALIFIER
Afrique;Nigéria;NG;Abuja (Lugbe);JAMOZCO Glass & Aluminium Kingdom;Verre et aluminium;;;AUCUN CANAL;a ouvrir;A QUALIFIER
Afrique;Nigéria;NG;Abuja (Garki 2);Possibility Glass and Rails;Verre et garde-corps;;;AUCUN CANAL;a ouvrir;A QUALIFIER
Afrique;Nigéria;NG;Lagos;Precis-Glass Innovation Service;Verrerie de batiment;;;AUCUN CANAL;a ouvrir;A QUALIFIER
Afrique;Nigéria;NG;Abuja;Rotex Glass Limited;Fourniture de vitrage isolant double et triple;;;AUCUN CANAL;a ouvrir;A QUALIFIER
Afrique;Nigéria;NG;Kaduna, Commercial Layout;Safe Glass Nigeria Ltd;Transformation de verre trempé et feuilleté;safeglassng.com;+234 813 932 3570;e-mail + telephone;deja contacte;RELANCE 2026-10-06
Afrique;Nigéria;NG;Lagos;Sam-Davies De Great Enterprises;Verrerie de batiment;;;AUCUN CANAL;a ouvrir;A QUALIFIER
Afrique;Nigéria;NG;Lagos (Amuwo Odofin);TechnoGlass Industries Ltd;Plus grande ligne de trempe et de feuillete d'Afrique de l'Ouest;technoglassng.com;+234 703 274 9126;e-mail + telephone;pret a partir;A ENVOYER 2026-10-09
Afrique;Ouganda;UG;Kampala;Ahmad Glazing Uganda Ltd;Feuillete trempe float et miroir;;+256 707 922403;telephone;a ouvrir;A QUALIFIER
Afrique;Ouganda;UG;Kampala, zone industrielle;Casements Africa Limited;Fabrication de façades aluminium et verre;casements.co.ug;+256 752 700700;e-mail + telephone;deja contacte;RELANCE 2026-10-06
Afrique;Ouganda;UG;Kampala;Glass Mart Uganda;Negoce de detail verre miroirs mastic et silicone;;+256 776 608264;telephone;ecarte ou protege;ECARTE — PETITE STRUCTURE
Afrique;Ouganda;UG;Kampala (Katalemwa Estate, Gayaza Road);Luxury Aluminium & Glass Solutions Ltd;Fabrication aluminium et pose verriere;luxuryaluminiumglass.com;+256 776 546 663;e-mail + telephone;deja contacte;ENVOYE 2026-10-07
Afrique;Ouganda;UG;Kampala (Nakawa, Kampala-Jinja Highway);Modern Glass Impex (U) Ltd;Transformation verriere et fabrication de verre feuillete;modernglassuganda.com;;e-mail;deja contacte;ENVOYE 2026-10-07
Afrique;Ouganda;UG;Kampala (Mutundwe ou Nalukolongo);Prayosha Enterprises Ltd;Usine de verre trempe;;;AUCUN CANAL;a ouvrir;A QUALIFIER
Afrique;Ouganda;UG;Kampala (R-Plaza, 7th street Industrial Area);RAMP Enterprises Ltd;Import-export de verre float;rampenterprise.com;;e-mail;deja contacte;ENVOYE 2026-10-06
Afrique;Ouganda;UG;Kampala (Industrial Area);Shibaam Uganda Ltd;Feuillete, trempe, isolant, bombe, float;shibaamuganda.com;+256 708 155 923;e-mail + telephone;deja contacte;RELANCE 2026-10-08
Afrique;Ouganda;UG;Kampala, zone industrielle;Tile Centre Limited;Fabrication de verre trempé et feuilleté;tilecentre.co.ug;+256 414 348232;e-mail + telephone;deja contacte;RELANCE 2026-10-06
Afrique;Rwanda;RW;Kigali;Mwenzo Aluminium & Glass Ltd;Fabrication et fourniture de produits aluminium et verre;mwenzo.com;+250 782 739 191;e-mail + telephone;deja contacte;RELANCE 2026-10-06
Afrique;Rwanda;RW;Kigali;Mwenzo Aluminium & Glass Ltd;Fabrication et pose alu et verre;mwenzo.com;;AUCUN CANAL;ecarte ou protege;NE PAS DEMARCHER
Afrique;Rwanda;RW;Kigali (Gahanga Industrial Estate KK 15 Kicukiro);Silverback Glass Processing;Transformation verriere et verre de securite trempe;silverback.co.rw;+250 795 811 626;e-mail + telephone;deja contacte;ENVOYE 2026-10-08
Afrique;Seychelles;SC;Mahé (Providence Industrial Estate);Ma & Sun Aluminium Seychelles;Menuiserie aluminium et vitrage;masunseychelles.com;;e-mail;deja contacte;RELANCE 2026-10-06
Afrique;Sierra Leone;SL;Freetown;Gr8 Vision Investment SL Ltd (Premier Aluminium);Fabrication de fenetres et portes aluminium;gr8vision-sl.com;+232 77 723 963;e-mail + telephone;pret a partir;A ENVOYER 2026-10-09
Afrique;Somalie;SO;Mogadiscio (Banadir);Alhatimi Glass & Glazing;Profiles aluminium et PVC, fenetres, portes et tous types de verre;;;AUCUN CANAL;a ouvrir;A APPELER
Afrique;Soudan du Sud;SS;Juba;Universal Africa Ltd;Facades vitrage et bardage alu verre inox et acier;universalafricaltd.com;;AUCUN CANAL;a ouvrir;A APPELER
Afrique;Sénégal;SN;Dakar;C3S Sénégal;Sablage, polissage, biseautage, décoration du verre;c3s.sn;;e-mail;deja contacte;ENVOYE 2026-10-06
Afrique;Sénégal;SN;Dakar;ETS Mbaye et Frères;Aluminium, vitrerie, inox, composite, verre trempé;;;AUCUN CANAL;a ouvrir;A APPELER
Afrique;Sénégal;SN;Dakar;ITA SEN ALU;Menuiserie aluminium et PVC pour l'Afrique de l'Ouest;itasenalu.com;+221 33 860 78 80;e-mail + telephone;deja contacte;ENVOYE 2026-10-06
Afrique;Sénégal;SN;Dakar;SK ALU;Vitrerie, miroiterie, découpe;;+221 65 944 90 80;telephone;a ouvrir;A APPELER
Afrique;Sénégal;SN;Dakar (Av. Blaise Diagne x Rue Armand Angrand);Sénégal Miroir;Verre et miroiterie de qualité européenne;;+221 33 822 24 82;e-mail + telephone;deja contacte;RELANCE 2026-10-08
Afrique;Tanzanie;TZ;Dar es Salaam;Dar es Salaam Glass Works;Transformateur verre + aluminium;dsmglass.co.tz;;e-mail;deja contacte;RELANCE 2026-10-06
Afrique;Tanzanie;TZ;Dar es Salaam (Mbezi);Glass Dubai Aluminium Profile Co. Ltd;Fabrication, pose et maintenance aluminium et verre depuis 2006;glassdubaialuminium.co.tz;+255 758 645 273;e-mail + telephone;deja contacte;ENVOYE 2026-10-06
Afrique;Tanzanie;TZ;Dar es Salaam;Salebhai Glass Industries;Float, trempe, feuillete, verre a couche et vitrage isolant;;;AUCUN CANAL;a ouvrir;A APPELER
Afrique;Tanzanie;TZ;Dar es Salaam, Pugu Road;Salehbhai Glass Industries Ltd;Transformation de verre trempé et isolant;salehbhaiglass.co.tz;+255 763 501771;e-mail + telephone;deja contacte;RELANCE 2026-10-07
Afrique;Togo;TG;Lomé (380 rue du Chemin de Fer, Assivito);ETS VITRO MZ;Miroiterie et vitrerie;;+228 22 21 21 88;telephone;a ouvrir;A APPELER
Afrique;Tunisie;TN;Tunis;Aziza Glass;Transformation de verre architectural sur mesure;aziza-glass.com;+216 29 333280;e-mail + telephone;deja contacte;RELANCE 2026-10-07
Afrique;Tunisie;TN;Tunis (Charguia I);Glasserie Miroiterie et Verrerie de Tunisie;Miroiterie et verrerie;;+216 71 205 366;e-mail + telephone;deja contacte;RELANCE 2026-10-08
Afrique;Tunisie;TN;Mnihla;Promoverre;Fabrication de verre feuilleté et isolant;promoverre.com;+216 70 563500;telephone;a ouvrir;A APPELER
Afrique;Tunisie;TN;Tunis, Ibn Khaldoun;SIALA;Transformation industrielle de verre architectural;siala.com.tn;+216 71 922222;e-mail + telephone;deja contacte;RELANCE 2026-10-07
Afrique;Tunisie;TN;Tunis;SOVEP — Societe du Verre Plat et Menuiserie Aluminium;Verre plat et menuiserie aluminium, miroiterie;sovep-glass.com;+216 71 409 374;e-mail + telephone;pret a partir;A ENVOYER 2026-10-09
Afrique;Zambie;ZM;Lusaka (Makeni);PG Glass Zambia;Pose et fourniture de vitrage, reseau Lusaka et Ndola;pgglassafrica.com;+260 211 274 466;e-mail + telephone;ecarte ou protege;NE PAS DEMARCHER
Afrique;Zambie;ZM;Lusaka;Serious Aluminium and Glass;Fabrication et pose alu + verre;;+260 977 823 292;e-mail + telephone;deja contacte;RELANCE 2026-10-08
Afrique;Zimbabwe;ZW;Harare (Graniteside);City Glass;Fourniture et distribution de float clair, imprime, teinte, miroirs, feuillete et trempe;cityglass.co.zw;+263 8677 010 538;e-mail + telephone;deja contacte;RELANCE 2026-10-06
Afrique;Zimbabwe;ZW;Harare, Waterfalls;Postcorp Glass & Aluminium;Distribution de verre et fabrication aluminium;postcorpglass.co.zw;+263 772 957823;e-mail + telephone;deja contacte;RELANCE 2026-10-07
Afrique;Égypte;EG;Le Caire et Ain Sokhna;Alico Egypt;Facadier, usine de 12 000 m2, capital 16,8 M USD;alicoegypt.com;;e-mail;pret a partir;A ENVOYER 2026-10-09
Afrique;Égypte;EG;Le Caire (Abbasseya) et Damanhour;Arab Union Glass;Verre feuillete, double vitrage, trempe, pare-balles, verre intelligent;arabunionglass.com;17258;e-mail + telephone;deja contacte;RELANCE 2026-10-07
Afrique;Égypte;EG;10e de Ramadan;Cairo Glass Manufacturing Co.;Producteur et transformateur : verre imprime, arme, trempe;cairoglass.com;+20 55 441 1850;e-mail + telephone;deja contacte;RELANCE 2026-10-07
Afrique;Égypte;EG;Alexandrie;Delta Glass Egypt;Fabrication de verre trempe feuillete et de vitrage isolant pour le batiment;;;AUCUN CANAL;a ouvrir;A QUALIFIER
Afrique;Égypte;EG;10e de Ramadan;Dr Greiche Glass;Premier transformateur de verre du Moyen-Orient et d'Afrique;drgreiche.com;+20 554 410 001;telephone;a ouvrir;A APPELER
Afrique;Égypte;EG;Le Caire;Integrated Facades Solution;Solutions de facade;;;AUCUN CANAL;a ouvrir;A QUALIFIER
Afrique;Égypte;EG;6 Octobre (Giza);M&A Glass Processing;Transformation depuis 1983 : verre de securite, electromenager, batiment;maglassegypt.com;+20 102 333 9446;e-mail + telephone;pret a partir;A ENVOYER 2026-10-09
Afrique;Égypte;EG;Le Caire;Pyramid Glass Manufacturing Company;Fabrication de verre, service export dedie;pyramidglassegypt.com;;e-mail;deja contacte;RELANCE 2026-10-08
Afrique;Égypte;EG;Borg el Arab, troisième zone industrielle;Rubex;Plasturgie acrylique et transformation de verre plat;rubexegypt.eg;+20 3 4622025;e-mail + telephone;DOSSIER VIVANT;DEMANDE DE PRIX — A CHIFFRER
Afrique;Égypte;EG;6 Octobre (4e zone industrielle);Saudi Canadian Glass Co. (Crystal Glass);Trempe, feuillete, exportation vers Levant Afrique du Nord et Roumanie;scglass-co.com;;AUCUN CANAL;a ouvrir;A QUALIFIER
Afrique;Éthiopie;ET;Addis-Abeba;ASAL PLC;Importation distribution et pose d aluminium et de verre depuis 1982;asalplc.com;+251 11 439 58 10;e-mail + telephone;deja contacte;ENVOYE 2026-10-07
Afrique;Éthiopie;ET;Addis-Abeba;Abdi Aluminium & Glass Works;Fenetres portes facades verre murs rideaux et profiles aluminium;abdiglassandaluminiumsolution.com;+251 911 262649;telephone;a ouvrir;A APPELER
Afrique;Éthiopie;ET;Addis-Abeba;Abdi Aluminium & Glass Works;Fenetres, portes, facades verre et murs rideaux aluminium;abdiglassandaluminiumsolution.com;;AUCUN CANAL;ecarte ou protege;NE PAS DEMARCHER
Afrique;Éthiopie;ET;Addis-Abeba (Kolfe Keraniyo);Addis Ababa Bottle & Glass Share Company;Verrerie industrielle depuis 1972;addisglass.org;+251 11 270 2811;telephone;a ouvrir;A QUALIFIER
Afrique;Éthiopie;ET;Addis-Abeba;EuroAluSystem;Verre architectural, verre de decoration interieure, float qualite automobile et verre transforme;euroalusystem.com;+251 911 401 592;e-mail + telephone;deja contacte;ENVOYE 2026-10-07
Afrique;Éthiopie;ET;Addis-Abeba;MAB Aluminium & Glass Works PLC;Aluminium, metal et verre depuis 1994;;;AUCUN CANAL;a ouvrir;A APPELER
Moyen-Orient;Arabie saoudite;SA;Djeddah, Al Rayaan;Abdullah Salem Al Jadaani Glass Factory;Fabrication de verre trempé et isolant;jadaaniglass.com;+966 50 458 0221;e-mail + telephone;deja contacte;RELANCE 2026-10-06
Moyen-Orient;Arabie saoudite;SA;Djeddah (Bani Malik);Abu Sarhad Glass Shaping Factory;Trempé, façade, feuilleté pare-balles;abusarhadhc.sa;;e-mail;deja contacte;RELANCE 2026-10-06
Moyen-Orient;Arabie saoudite;SA;Riyad, deuxième cité industrielle;Al Andalus Glass Factory Co.;Transformation de verre trempé, feuilleté et isolant;andalusglass.com;+966 11 265 0908;e-mail + telephone;deja contacte;RELANCE 2026-10-06
Moyen-Orient;Arabie saoudite;SA;Riyad;Al Ashoury Glass;Département verre depuis 1988, 5 agences;alashoury-glass.com;;e-mail;pret a partir;A ENVOYER 2026-10-09
Moyen-Orient;Arabie saoudite;SA;Al-Ahsa;Al Forsan Arabia;Usine de trempe, feuillete, depoli et teinte livrant tout le Royaume;;;AUCUN CANAL;a ouvrir;A APPELER
Moyen-Orient;Arabie saoudite;SA;Hail;Al Tbaynawi Glass;Transformation de verre trempé et isolant;altbaynawi.com;+966 16 532 5322;telephone;a ouvrir;A APPELER
Moyen-Orient;Arabie saoudite;SA;Riyad (2e cite industrielle);Al Watania for Industries;Groupe industriel, division verre;wataniaind.com;+966 11 498 0088;e-mail + telephone;deja contacte;RELANCE 2026-10-06
Moyen-Orient;Arabie saoudite;SA;Jeddah (quartier Al-Mumaria);Al-Thiabi Glass;Pose et depannage verrier, cloisons et portes en verre securit;althiabiglass.com;+966 56 153 6402;e-mail + telephone;a ouvrir;A QUALIFIER
Moyen-Orient;Arabie saoudite;SA;Dammam (premiere cite industrielle);Albitar Factory Company;Fabrication de verre;company-albitar.com;;e-mail;pret a partir;A ENVOYER 2026-10-09
Moyen-Orient;Arabie saoudite;SA;Riyad, Badr;Alfa Star Glass;Transformation de verre trempé et isolant;alfastarglass.com;+966 536 373 747;e-mail + telephone;deja contacte;RELANCE 2026-10-06
Moyen-Orient;Arabie saoudite;SA;Riyad (2e cite industrielle) et Dammam;Alma Glass (ALMA Tempered Securit Glass);Transformation : trempe, double vitrage, feuillete, pare-balles, Low-E, trois usines;almaglass.com.sa;+966 11 498 3275;e-mail + telephone;pret a partir;A ENVOYER 2026-10-09
Moyen-Orient;Arabie saoudite;SA;Riyad, troisième cité industrielle;Almanco Factory;Fabrication de façades aluminium et verre;almanco.com;+966 11 265 0065;e-mail + telephone;deja contacte;RELANCE 2026-10-06
Moyen-Orient;Arabie saoudite;SA;Riyad, zone industrielle Al Kharj Road;Alqasr Glass and Aluminum Factory;Transformation et distribution de verre architectural;alqasrglass.com;+966 11 499 7777;e-mail + telephone;deja contacte;RELANCE 2026-10-06
Moyen-Orient;Arabie saoudite;SA;Djeddah;Arab Glass (ex Al-Ajoo Glass and Mirrors);Verre d'art, miroirs et transformation;arabglass.com.sa;;e-mail;deja contacte;ENVOYE 2026-10-06
Moyen-Orient;Arabie saoudite;SA;Riyad;Arabian Glass;Verrerie, activite a preciser;arabian-glass.com;+966 11 499 5602;e-mail + telephone;a ouvrir;A QUALIFIER
Moyen-Orient;Arabie saoudite;SA;Asfan, zone industrielle;Asdam Technical Glass Company;Transformation de verre et fabrication aluminium;asdamglass.com;+966 54 504 7777;e-mail + telephone;deja contacte;RELANCE 2026-10-06
Moyen-Orient;Arabie saoudite;SA;Djeddah (zone industrielle rue 36);Badr Glass;Fabrication et transformation de verre;;+966 12 608 0402;telephone;a ouvrir;A APPELER
Moyen-Orient;Arabie saoudite;SA;Riyad, Qassim, Djeddah, Khamis Mushait;Barrak Glass Factories;Transformation du verre sur sept usines : trempe, chant, percage, polissage, biseautage, sablage, double vitrage;barrakglass.com;+966 13 582 6507;e-mail + telephone;deja contacte;ENVOYE 2026-10-08
Moyen-Orient;Arabie saoudite;SA;Riyad (rue Takhassusi);Euro Glass;Transformation et negoce de verre;;+966 55 550 5040;telephone;a ouvrir;A APPELER
Moyen-Orient;Arabie saoudite;SA;Riyad 11421;Glass House Company Ltd;Verre plat transforme, vitrages isolants, verre solaire;;;AUCUN CANAL;ecarte ou protege;NE PAS DEMARCHER
Moyen-Orient;Arabie saoudite;SA;Riyad, deuxième cité industrielle;Glasshouse Company Ltd.;Transformation de vitrage isolant sur mesure;glasshouse.com.sa;+966 11 498 5959;telephone;a ouvrir;A APPELER
Moyen-Orient;Arabie saoudite;SA;Djeddah, troisième zone industrielle;IKK Glass;Transformation de verre trempé, feuilleté et isolant;ikkglass.com;;e-mail;deja contacte;RELANCE 2026-10-06
Moyen-Orient;Arabie saoudite;SA;Riyad / Sudair;Komate Glass;Verre trempe certifie, impression numerique TecGlass;komate.sa;+966 11 448 3444;e-mail + telephone;deja contacte;RELANCE 2026-10-06
Moyen-Orient;Arabie saoudite;SA;Dammam (Al Khodariyah);Madar Al Ula Glass Company;Vitrages isolants;madarglasscompany.com;+966 50 907 1764;e-mail + telephone;deja contacte;ENVOYE 2026-10-05
Moyen-Orient;Arabie saoudite;SA;Djeddah (Jeddah Industrial City Phase 5);Mahmood Saeed Glass Industry;Transformation de verre plat depuis 1994, groupe Mahmood Saeed;msgi-sa.com;+966 12 636 6366;e-mail + telephone;deja contacte;ENVOYE 2026-10-06
Moyen-Orient;Arabie saoudite;SA;Riyad (BP 3162, 11471) et 56 agences;Manna Glass Group (Mohammed Mannaa Glass Corporation);Transformation : trempe, vitrage isolant, miroirs, 9 lignes Glaston fin 2026, 56 agences;mannaglass.sa;+966 11 291 1943;telephone;a ouvrir;A APPELER
Moyen-Orient;Arabie saoudite;SA;—;Obeikan Glass;Producteur float, 800 t/jour;;;AUCUN CANAL;ecarte ou protege;NE PAS DEMARCHER
Moyen-Orient;Arabie saoudite;SA;Jizan, zone industrielle 1;Region Glass Factory;Transformation industrielle de verre architectural;rgf.sa;+966 17 323 8080;e-mail + telephone;deja contacte;RELANCE 2026-10-06
Moyen-Orient;Arabie saoudite;SA;Dammam;Saber Group;Transformation et distribution de verre et miroirs;sabergroup.com.sa;+966 9200 01968;e-mail + telephone;deja contacte;RELANCE 2026-10-06
Moyen-Orient;Arabie saoudite;SA;Djeddah et Riyad;Safa Taiba Glass Factory;Transformation, showrooms Djeddah et Riyad;safataiba.sa;+966 59 053 9394;e-mail + telephone;deja contacte;RELANCE 2026-10-06
Moyen-Orient;Arabie saoudite;SA;Dammam;Safwa Glass;Trempé, feuilleté, double vitrage;safwaglass.com;;e-mail;deja contacte;ENVOYE 2026-10-05
Moyen-Orient;Arabie saoudite;SA;Jeddah;Samyat Glass (Al Samayat);Transformation : feuillete, double vitrage, bombe, trempe, vitrage isolant, Low-E, usine 2014 de 300 000 m2 par an;alsamayat.com;;AUCUN CANAL;a ouvrir;A QUALIFIER
Moyen-Orient;Arabie saoudite;SA;Riyad (2e cite industrielle);Saudi American Glass Co. (SAG);Facades verrieres complexes, filiale de Dubai Investments, depuis 1978;saglass.com;+966 11 265 1212;e-mail + telephone;pret a partir;A ENVOYER 2026-10-09
Moyen-Orient;Arabie saoudite;SA;Djeddah (Industrial Area Phase IV);Saudi Arabian Glass Co. Ltd. (SAGCO);Negoce et fabrication de verre et miroirs, gros et detail;sagco.net;+966 12 636 4959;e-mail + telephone;deja contacte;RELANCE 2026-10-08
Moyen-Orient;Arabie saoudite;SA;Riyad (Haroun Al Rasheed Street);United Glass Industries Co. (Uniglass, groupe Al-Fozan);Le transformateur de verre le plus complet du Royaume;uniglass.com.sa;+966 50 050 0186;e-mail + telephone;deja contacte;ENVOYE 2026-10-08
Moyen-Orient;Arabie saoudite;SA;Riyad (Wasel 7136, 14331);World Tempering Glass Manufacturing Co. (Al-Alamiah Securit);Usine de trempe et de transformation du verre depuis 1999;alalamiahsecurit.com;+966 55 620 2923;e-mail + telephone;a ouvrir;A QUALIFIER
Moyen-Orient;Bahreïn;BH;Salmabad;Abdulla Khamees Glass & Mirrors;Verre et miroiterie;abdullakhameesglass.net;+973 1778 4554;e-mail + telephone;deja contacte;RELANCE 2026-10-06
Moyen-Orient;Bahreïn;BH;Al Hidd;Bahrain Prism Glass Factory WLL;Transformation architecturale : trempe, double vitrage, feuilleté, sérigraphie, sablage;prismbahrain.com;+973 1746 4000;telephone;a ouvrir;A QUALIFIER
Moyen-Orient;Bahreïn;BH;Salmabad (usine et siege), Hidd et Hamala;City Glasses B.S.C.;Transformation architecturale, trempe plat et bombe, verre coupe-feu;cityglassbh.com;;e-mail;pret a partir;A ENVOYER 2026-10-09
Moyen-Orient;Bahreïn;BH;Al Hidd (BIIP);Glasstech Industries B.S.C;Trempe, CNC, bombe, isolant, lamination, impression numerique;glasstechgulf.com;+973 1746 4418;e-mail + telephone;deja contacte;RELANCE 2026-10-06
Moyen-Orient;Bahreïn;BH;Salmabad (zone industrielle);Metular Glass;Verre et aluminium, usine creee en 2016;metularglass.com;;e-mail;deja contacte;ENVOYE 2026-10-06
Moyen-Orient;Bahreïn;BH;Hidd, zone industrielle;Shafiq Glass & Art Frames Center W.L.L.;Fabrication de verre architectural et systèmes aluminium;shafiqglass.com;+973 1773 2091;e-mail + telephone;deja contacte;RELANCE 2026-10-06
Moyen-Orient;Irak;IQ;Bagdad (Kharada) et Bassorah;Alumex — Aluminium Contracting Co.;Fabrication de fenetres portes et facades verre aluminium depuis 2011;alumexiq.com;+964 771 991 1223;e-mail + telephone;deja contacte;ENVOYE 2026-10-07
Moyen-Orient;Irak;IQ;Erbil;Arturaya Glass Company;Importateur et installateur, 2014;arturaya.com;+964 751 667 6876;telephone;a ouvrir;A APPELER
Moyen-Orient;Irak;IQ;Bassorah;Delta Al Salam;Fabrication importation et exportation d aluminium et de verre;;;AUCUN CANAL;a ouvrir;A QUALIFIER
Moyen-Orient;Irak;IQ;Erbil;Glass City General Trading;Negoce general de verre;;;AUCUN CANAL;a ouvrir;A QUALIFIER
Moyen-Orient;Irak;IQ;Erbil (route de Makhmour);Golden Glass Company;Verre de batiment;goldenglassiq.com;;AUCUN CANAL;a ouvrir;A QUALIFIER
Moyen-Orient;Irak;IQ;Erbil;IIALCO — Iraqi Italian Aluminum Company;Aluminium et construction depuis 2013, chantiers a Bagdad Erbil et Souleimaniye;iialco.com;+964 770 803 6060;e-mail + telephone;deja contacte;ENVOYE 2026-10-07
Moyen-Orient;Irak;IQ;Erbil;Nawzad NIT Group;Fabrication et distribution aluminium et verre;nitgroup.krd;+964 750 722 2777;telephone;a ouvrir;A APPELER
Moyen-Orient;Irak;IQ;—;Rozhano Tempered Glass & Aluminium;Trempe et aluminium, 2006, groupe Dijla (1978);rozhano.com;;AUCUN CANAL;ecarte ou protege;NE PAS DEMARCHER
Moyen-Orient;Irak;IQ;Erbil (Hay Al Adala);Rozhano Tempered Glass & Aluminum;Transformation de verre trempe et aluminium depuis 2006;rozhano.com;+964 750 303 9569;e-mail + telephone;deja contacte;RELANCE 2026-10-06
Moyen-Orient;Jordanie;JO;Amman (Bayader Wadi Al Seer);Aalam Albehar;Importation et negoce de verre depuis 1998;aalamalbehar.com;+962 798 888 421;e-mail + telephone;deja contacte;ENVOYE 2026-10-07
Moyen-Orient;Jordanie;JO;Sahab (King Abdallah II Industrial City);Aldar Glass Industries;Transformation complete : trempe, feuillete;aldarglass.com;;e-mail;deja contacte;RELANCE 2026-10-06
Moyen-Orient;Jordanie;JO;Mafraq (KADDB Industrial Park);Elite Glass;Transformation du verre;eliteglass-ind.com;;e-mail;deja contacte;RELANCE 2026-10-06
Moyen-Orient;Jordanie;JO;Amman (Al Bayader);First Glass;Fabricant de verre;fgi.jo;;e-mail;deja contacte;RELANCE 2026-10-06
Moyen-Orient;Jordanie;JO;Amman (Abu Alanda);Horizon Glass Processing Co.;Transformation, plus de 30 ans;horizonglasspro.com;+962 6 4636193;e-mail + telephone;deja contacte;RELANCE 2026-10-06
Moyen-Orient;Jordanie;JO;Amman;Lana International Est.;Matériaux de construction depuis 1990, sert Jordanie, Palestine, Syrie, Irak, Liban, EAU, Arabie, Qatar, Bahreïn, Koweït, Égypte, Algérie;lanaest.com;+962 6 5810 487;e-mail + telephone;deja contacte;RELANCE 2026-10-08
Moyen-Orient;Jordanie;JO;Amman (Mecca St. 245);Mansour Glass;Faconnage verrier en source unique pour la region depuis 1944;mansourglass.jo;+962 6 5823 788;e-mail + telephone;deja contacte;ENVOYE 2026-10-07
Moyen-Orient;Jordanie;JO;Amman (Alsena'a);The First for Glass Industries Co.;Transformation, trempe et feuillete double;;+962 795 059 500;telephone;a ouvrir;A APPELER
Moyen-Orient;Koweït;KW;Sabhan (Mubarak Al-Kabeer);Al Alamiah for Manufacturing Tempered Glass Co. WLL;Fabrication de verre trempe;;;AUCUN CANAL;a ouvrir;A APPELER
Moyen-Orient;Koweït;KW;Sabhan, bloc 2 rue 21;Al Naseem Glass (NSM Glass);Vitrage isolant, trempe et feuillete;nsmglass.com;+965 2471 8132;e-mail + telephone;deja contacte;ENVOYE 2026-10-06
Moyen-Orient;Koweït;KW;Koweït;Aluminum Glass Kuwait;Panneaux aluminium vitres depoli teinte trempe feuillete et miroir pour fenetres portes et cloisons;kuwaitaluminumexperts.com;;AUCUN CANAL;a ouvrir;A QUALIFIER
Moyen-Orient;Koweït;KW;Subhan (zone industrielle);G.M Al-Hadi Glass Industries;Transformation de verre, ligne de trempe Glaston;;;AUCUN CANAL;a ouvrir;A APPELER
Moyen-Orient;Koweït;KW;Al-Rai, bloc 1 rue 40;Glass World;Transformation, cloisons et pose de verre;glassworld.co;+965 6690 5269;e-mail + telephone;deja contacte;ENVOYE 2026-10-05
Moyen-Orient;Koweït;KW;Amghara, zone industrielle;Kuwait German Glass Factory;Transformation de verre trempé et isolant;kg-glass.com;;e-mail;deja contacte;RELANCE 2026-10-06
Moyen-Orient;Koweït;KW;Subhan, bloc 11;Kuwait Glass Center Co.;Transformation et distribution de verre plat;kuwaitglass.com;+965 2473 1043;e-mail + telephone;deja contacte;RELANCE 2026-10-06
Moyen-Orient;Koweït;KW;Al Rai;Rebla Glass;Verre trempe et miroiterie;reblaglass.com;+965 2241 0480;e-mail + telephone;deja contacte;RELANCE 2026-10-08
Moyen-Orient;Koweït;KW;Safat;Rifai Glass Company;Transformation de verre architectural et de sécurité;rifaiglass.com;+965 2206 6622;e-mail + telephone;deja contacte;RELANCE 2026-10-06
Moyen-Orient;Koweït;KW;Koweït;United Glass Company;Double vitrage, trempé, miroir, verre sablé, façonnage;unitedglassco.com;;e-mail;deja contacte;RELANCE 2026-10-06
Moyen-Orient;Liban;LB;Beyrouth;EGC — Glass Contracting;Conception, fourniture et pose : trempe, bombe, feuillete;egclb.com;;e-mail;deja contacte;RELANCE 2026-10-06
Moyen-Orient;Liban;LB;Dekwaneh, Mar Roukoz;Glass & Mirrors National Co.;Transformation de verre architectural et miroirs;gmnc-lb.com;+961 1 688100;e-mail + telephone;deja contacte;RELANCE 2026-10-06
Moyen-Orient;Liban;LB;Beyrouth, Mekalles Jisr El Basha;Horizontal Tempering Glass;Transformation de verre trempé, feuilleté et isolant;htempglass.com;+961 1 683 074;e-mail + telephone;deja contacte;RELANCE 2026-10-06
Moyen-Orient;Liban;LB;Beyrouth;Mirodec SARL;Verre decoratif et miroirs, leader regional depuis 1982;mirodec.com;+961 1 688 162;e-mail + telephone;pret a partir;A ENVOYER 2026-10-09
Moyen-Orient;Liban;LB;Choueifat;Tempo Glass;Usine de transformation recente, verre trempe;tempoglass.com;;AUCUN CANAL;a ouvrir;A QUALIFIER
Moyen-Orient;Oman;OM;Mascate (usine Al Jifnain, bureau Al Ghubra);Abu Nadil Trade Services;Menuiseries aluminium et UPVC et travaux verriers, usine propre;abunadilwindowtec.com;;AUCUN CANAL;a ouvrir;A QUALIFIER
Moyen-Orient;Oman;OM;—;Al Aliyat Glass Factory;Transformation;;+968 93021153;telephone;a ouvrir;A APPELER
Moyen-Orient;Oman;OM;Mascate (Al Hamriya);Al Esry Aluminium;Travaux d aluminium et de verre;;;AUCUN CANAL;a ouvrir;A QUALIFIER
Moyen-Orient;Oman;OM;Mascate;Al Kharusi International LLC;Fourniture de verre, vitrage et menuiserie;alkharusi.com;;e-mail;deja contacte;RELANCE 2026-10-08
Moyen-Orient;Oman;OM;Sohar (dessert Mascate);Al Noor Services;Unites a double vitrage 4-12-4 verre low-E et chassis aluminium a rupture de pont thermique;al-noor.online;;AUCUN CANAL;a ouvrir;A QUALIFIER
Moyen-Orient;Oman;OM;Mascate (Ghala / Misfah);Al Tasnim Enterprises LLC;Transformation verre : double vitrage 20 000 m2, feuillete 9 000 m2, alu;altasnimgroup.com;+968 2421 4000;e-mail + telephone;deja contacte;RELANCE 2026-10-06
Moyen-Orient;Oman;OM;Mascate, Rusayl;Bahwan Metal & Glass Engineering LLC;Transformation de verre et fabrication métallique;bahwanmge.com;+968 2444 9999;e-mail + telephone;deja contacte;RELANCE 2026-10-06
Moyen-Orient;Oman;OM;Rusayl;Decorative Glass Manufacturing LLC (Omzest);Verre decoratif;omzest.com;;e-mail;deja contacte;RELANCE 2026-10-06
Moyen-Orient;Oman;OM;Mascate (zone industrielle de Wadi Al Kabir);Dhaffaf Muscat;Travaux d aluminium et de verre;;;AUCUN CANAL;a ouvrir;A QUALIFIER
Moyen-Orient;Oman;OM;Salalah, Raysut;Dhofar Glass;Transformation de verre trempé, feuilleté et isolant;dhofarglass.com;+968 9314 1001;e-mail + telephone;deja contacte;RELANCE 2026-10-06
Moyen-Orient;Oman;OM;Mascate (Misfah Industrial);Glass Solutions;Usine : teinté, isolant, trempé;gs-oman.com;+968 9136 1162;e-mail + telephone;deja contacte;RELANCE 2026-10-06
Moyen-Orient;Oman;OM;—;Gulf Glass Co LLC;Négoce verre, profilés alu, façade;gulfglassoman.com;+968 2445 0611;e-mail + telephone;deja contacte;RELANCE 2026-10-06
Moyen-Orient;Oman;OM;Mascate;Noor Asadi Glass & Aluminum Factory;Transformation, float et verre réfléchissant, depuis 1986;noorasadioman.com;+968 2445 0661;e-mail + telephone;deja contacte;RELANCE 2026-10-06
Moyen-Orient;Oman;OM;Mascate;Qaswa Glass LLC;Trempe, feuillete et transformation de verre;qaswaglass.com;;e-mail;deja contacte;RELANCE 2026-10-08
Moyen-Orient;Oman;OM;Mascate (Darsait);Siraj Quryat Trading — SQT;Façade, isolant solaire, bombé, feuilleté, décoratif, depuis 2008;sqtsolutions.com;+968 9604 3825;e-mail + telephone;deja contacte;RELANCE 2026-10-06
Moyen-Orient;Oman;OM;—;Sunrise Technical Glass LLC;Biseautage, polissage, perçage, trempe, double vitrage;sunriseglass.me;+968 9989 1771;e-mail + telephone;deja contacte;RELANCE 2026-10-06
Moyen-Orient;Qatar;QA;Al Rayyan, Sailiya;Al Khinji Group;Négoce et transformation de verre plat;alkhinjigroup.com;+974 6688 7351;e-mail + telephone;deja contacte;RELANCE 2026-10-06
Moyen-Orient;Qatar;QA;Doha (Al Rayyan);Al Najm Glass & Mirror;Approvisionnement en verre de securite trempe feuillete et isolant;;;AUCUN CANAL;a ouvrir;A QUALIFIER
Moyen-Orient;Qatar;QA;Doha (Al Wakrah);Al Safina Glass and Aluminium Company;Trempe polissage de chant biseautage double vitrage et feuilletage;alsafinaglassaluminium.com;;AUCUN CANAL;a ouvrir;A QUALIFIER
Moyen-Orient;Qatar;QA;Doha;Al Watan Glass;Trempé, feuilleté, isolant, miroir, décoratif;alwatanglass.com;+974 4460 6124;e-mail + telephone;deja contacte;RELANCE 2026-10-06
Moyen-Orient;Qatar;QA;Doha, New Industrial Area;Al-Jawdah Glass Company;Fabrication de verre architectural et miroirs;al-jawdahglass.com;+974 3330 0505;e-mail + telephone;deja contacte;RELANCE 2026-10-06
Moyen-Orient;Qatar;QA;Doha;Bardawil Specialities Qatar;Unites de vitrage isolant et verre trempe, fabrication sur mesure et pose;bardawil-qatar.com;;AUCUN CANAL;a ouvrir;A QUALIFIER
Moyen-Orient;Qatar;QA;—;Bullseye Zoujaj;Verre bâtiment;bullseyezoujaj.com;;e-mail;pret a partir;A ENVOYER 2026-10-13
Moyen-Orient;Qatar;QA;—;Calisto Glass;Verre bâtiment;calistoglass.com;;e-mail;deja contacte;ENVOYE 2026-10-07
Moyen-Orient;Qatar;QA;Doha (New Industrial City);Dallas Glass;Usine de transformation de 7 400 m²;dallasqatar.com;+974 4411 4651;e-mail + telephone;deja contacte;RELANCE 2026-10-06
Moyen-Orient;Qatar;QA;Doha;Desert Line Glass (Desert Line Group);Transformation de verre, filiale verre d'un groupe BTP qatari;desertlinegroup.com;;e-mail;pret a partir;A ENVOYER 2026-10-09
Moyen-Orient;Qatar;QA;Doha;Glasstech Trading & Contracting;Facade, verre sans cadre, feuillete, trempe, portes coupe-feu;glasstechqatar.com;+974 7444 8483;e-mail + telephone;deja contacte;RELANCE 2026-10-06
Moyen-Orient;Qatar;QA;Doha;Kyda International;Fourniture de verre, Doha, Lusail, Al Wakra;kyda.qa;;e-mail;deja contacte;ENVOYE 2026-10-07
Moyen-Orient;Qatar;QA;Doha, zone industrielle rue 43;Nabina Aluminium & Glass Factory;Transformation de verre et fabrication aluminium;nabinaglass.com;+974 4460 5949;e-mail + telephone;deja contacte;RELANCE 2026-10-06
Moyen-Orient;Qatar;QA;Doha;North Glass;Verre et aluminium, plus de quinze ans d activite;northglass.qa;;AUCUN CANAL;a ouvrir;A QUALIFIER
Moyen-Orient;Qatar;QA;Doha (New Industrial Area);Panorama Glass Factory;Stockiste, importateur, exportateur, grossiste, depuis 2015;panoramaglass.net;+974 4488 9185;e-mail + telephone;deja contacte;RELANCE 2026-10-06
Moyen-Orient;Qatar;QA;Doha;Skywall Aluminium & Glass WLL;Trempe et durcissement thermique du verre, unites a double vitrage;;;AUCUN CANAL;a ouvrir;A QUALIFIER
Moyen-Orient;Qatar;QA;Doha;Technical Glass & Aluminium (TGAC);Façade, 2 500 m²/j de trempe, 1 000 m²/j de feuilleté;tgac.net;+974 4460 4488;e-mail + telephone;deja contacte;RELANCE 2026-10-07
Moyen-Orient;Yémen;YE;Sanaa (rue Al Mashhad);Alanees Trading Corp (Al-Anees & Bros);Import de materiaux de construction;;;e-mail;a ouvrir;A VALIDER AARON
Moyen-Orient;Yémen;YE;Sanaa, Qaa Al Qaydhi;Alawadhi Trading Group;Transformation et distribution de verre et aluminium;alawadhigroup.net;+967 778 888 597;e-mail + telephone;a ouvrir;A APPELER
Moyen-Orient;Émirats arabes unis;AE;Dubaï;Abbas Tempering Industry LLC;Trempe;;+971 4 267 7740;telephone;a ouvrir;A APPELER
Moyen-Orient;Émirats arabes unis;AE;Dubaï (Al Quoz 3);Abu Ali Group;Facadier : mur-rideau, devantures, verrieres, fenetres aluminium;abualigroup.ae;+971 50 451 4266;e-mail + telephone;deja contacte;ENVOYE 2026-10-05
Moyen-Orient;Émirats arabes unis;AE;Dubaï (Jebel Ali);Al Abbar Group;Facadier : Burj Khalifa, Burj Al Arab, Emirates Tower. 300 M$ de CA;alabbargroup.com;+971 4 801 2000;e-mail + telephone;deja contacte;ENVOYE 2026-10-08
Moyen-Orient;Émirats arabes unis;AE;Charjah;Al Behar Al Sabaa Aluminium;Mur-rideau, remplacement de verre de facade, maintenance;albeharalum.com;+971 6 534 8751;e-mail + telephone;deja contacte;ENVOYE 2026-10-05
Moyen-Orient;Émirats arabes unis;AE;Charjah;Al Rawaa Glass & Mirror Factory LLC;Transformation et distribution de verre et miroirs;alrawaa.net;+971 6 534 2025;e-mail + telephone;deja contacte;RELANCE 2026-10-07
Moyen-Orient;Émirats arabes unis;AE;Ajman / Dubaï;Alpha Glass LLC;Stockiste, importateur, exportateur, grossiste verre et alu, depuis 2005;alphaglass.org;+971 4 263 3406;e-mail + telephone;deja contacte;RELANCE 2026-10-06
Moyen-Orient;Émirats arabes unis;AE;Charjah, zone industrielle 15;Arabian Aluminium and Glass Industry LLC;Transformation de verre et finition aluminium;arabianglass.ae;+971 6 524 9070;e-mail + telephone;deja contacte;RELANCE 2026-10-07
Moyen-Orient;Émirats arabes unis;AE;Charjah et Dubaï;Burhani Glass Trading Co. LLC;Negoce de verre et fabrication aluminium;burhani.glass;+971 55 747 9572;e-mail + telephone;deja contacte;RELANCE 2026-10-08
Moyen-Orient;Émirats arabes unis;AE;Dubaï (Al Quoz 4);Emirates Glass LLC (Dubai Investments);Le plus gros transformateur de verre architectural de la region, couches magnetron;emiratesglass.com;;e-mail;deja contacte;RELANCE 2026-10-08
Moyen-Orient;Émirats arabes unis;AE;Dubaï;F.A.M Aluminium & Glass Trading LLC;Negoce float clair et reflechissant, aluminium;;;AUCUN CANAL;a ouvrir;A APPELER
Moyen-Orient;Émirats arabes unis;AE;Ras el Khaïmah, Al Ghail;Future Architectural Glass LLC;Transformation de verre architectural de sécurité;faglass.com;+971 7 258 9274;e-mail + telephone;deja contacte;RELANCE 2026-10-07
Moyen-Orient;Émirats arabes unis;AE;Dubaï (Al Quoz 3);Glass Maestro Industries;Transformation verre plat;glass-maestro.com;+971 4 3933299;e-mail + telephone;deja contacte;RELANCE 2026-10-07
Moyen-Orient;Émirats arabes unis;AE;Dubaï;Glass World;Verre et aluminium;glassworld.ae;;AUCUN CANAL;a ouvrir;A QUALIFIER
Moyen-Orient;Émirats arabes unis;AE;Dubaï;Glass World Industries;Float, trempé, feuilleté de sécurité, +25 ans;glassworldindustries.ae;+971 4 333 3606;e-mail + telephone;deja contacte;ENVOYE 2026-10-07
Moyen-Orient;Émirats arabes unis;AE;Charjah;Glassjet;Transformation de verre trempé, feuilleté et isolant;glassjet.ae;+971 52 6126591;e-mail + telephone;DOSSIER VIVANT;REFUS 2026-10-08
Moyen-Orient;Émirats arabes unis;AE;Abou Dabi, ICAD III;Glasstech;Transformation de verre architectural et façades aluminium;glasstech.ae;+971 2 550 7774;e-mail + telephone;deja contacte;RELANCE 2026-10-07
Moyen-Orient;Émirats arabes unis;AE;Dubaï, Al Quoz 1;Glazinum Fab Metal Doors & Windows Manufacturing LLC;Fabrication de façades et transformation du verre;glazinumuae.com;+971 4 889 5664;e-mail + telephone;deja contacte;RELANCE 2026-10-08
Moyen-Orient;Émirats arabes unis;AE;Al Aïn, Industrial City 1;Google Glass;Transformation de verre trempé et double vitrage;googleglass.ae;+971 3 766 8566;e-mail + telephone;deja contacte;RELANCE 2026-10-08
Moyen-Orient;Émirats arabes unis;AE;Ras Al Khaimah (Al Ghail Industrial Area);Green Glass Industries LLC;Transformation architecturale, feuilleté jusqu'à 2,8 × 6 m;greenglassindustries.com;+971 7 258 8369;e-mail + telephone;pret a partir;A ENVOYER 2026-10-09
Moyen-Orient;Émirats arabes unis;AE;Sharjah (Industrial Area 13);Gulf Glass Industries (GGI);Transformateur architectural depuis 1991, groupe GIBCA;gulfglass.ae;+971 6 513 4999;e-mail + telephone;deja contacte;RELANCE 2026-10-07
Moyen-Orient;Émirats arabes unis;AE;Dubaï, Al Quoz Industrial 3;Huzefa Haider Glass Industries LLC;Transformation de verre trempé et façonné;huzefahaiderdubai.com;+971 800 525252;e-mail + telephone;deja contacte;RELANCE 2026-10-08
Moyen-Orient;Émirats arabes unis;AE;Dubaï;Khaiber Glass;Verre et aluminium;khaiberglass.com;;e-mail;deja contacte;ENVOYE 2026-10-07
Moyen-Orient;Émirats arabes unis;AE;Dubaï, Abou Dabi, Ajman et Charjah;Liberty Aluminium;Fabrication et pose de facades, mur-rideau, portes et fenetres;libertyaluminium.ae;+971 6 743 1983;e-mail + telephone;pret a partir;A RENVOYER
Moyen-Orient;Émirats arabes unis;AE;Charjah (First Industrial St, Industrial Area 2);MIH Group;Distribution et transformation de verre plat;mihgroup.ae;+971 6 533 1643;e-mail + telephone;pret a partir;A ENVOYER 2026-10-09
Moyen-Orient;Émirats arabes unis;AE;Dubaï;Mirodec Gulf;Miroiterie et verre décoratif;mirodec.com;+971 4 8850202;e-mail + telephone;deja contacte;RELANCE 2026-10-08
Moyen-Orient;Émirats arabes unis;AE;Ajman, New Industrial 2;Oscar Glass Factory;Distribution de verre plat et solutions aluminium;oscarglassfactory.com;+971 50 228 3822;e-mail + telephone;deja contacte;RELANCE 2026-10-07
Moyen-Orient;Émirats arabes unis;AE;Ajman, Al Jurf Industrial 1;Safe Lite Glass Industries LLC;Transformation de verre trempé, feuilleté et isolant;slglass.ae;+971 6 565 1388;e-mail + telephone;deja contacte;RELANCE 2026-10-07
Moyen-Orient;Émirats arabes unis;AE;Charjah (Industrial Area 17, Wadi Al Helo Street);Sahara Glass Group;Verre architectural et decoratif, ceramique, mosaique, machines verrieres;saharaglass.com;+971 6 534 1012;e-mail + telephone;pret a partir;A ENVOYER 2026-10-09
Moyen-Orient;Émirats arabes unis;AE;Charjah, zone industrielle 3;Sharjah Glass Store LLC;Distribution et transformation de verre architectural;shjglass.com;+971 6 542 2668;e-mail + telephone;deja contacte;RELANCE 2026-10-07
Moyen-Orient;Émirats arabes unis;AE;Dubaï;Technical Glass & Aluminium LLC;Transformation du verre et fabrication de façades;tgac.net;+971 4 880 3990;e-mail + telephone;deja contacte;RELANCE 2026-10-07
Moyen-Orient;Émirats arabes unis;AE;Dubaï;UAE Glass Works;Travaux et fourniture de verre;uaeglassworks.com;+971 58 154 5520;e-mail + telephone;ecarte ou protege;ECARTE — PETITE STRUCTURE
Moyen-Orient;Émirats arabes unis;AE;Abou Dabi, ICAD I;White Aluminium Enterprises LLC;Transformation de verre et façades aluminium;whitealuminium.ae;+971 2 550 0830;e-mail + telephone;deja contacte;RELANCE 2026-10-07
Guadeloupe;Guadeloupe;GP;Pointe-a-Pitre (Faubourg Alexandre Isaac, Fond Laugier);ALU ACTION;Fabricant de menuiseries aluminium, pergolas, meubles alu et rideaux metalliques;aluaction.com;+590 970 35 65 99;e-mail + telephone;pret a partir;A ENVOYER 2026-10-15
Guadeloupe;Guadeloupe;GP;Baie-Mahault (ZI Jarry Moudong, immeuble ABA 2000);ALUBAT Guadeloupe;Fabricant-installateur de menuiseries aluminium, mur-rideau et garde-corps;alubat971.com;+590 590 26 64 40;telephone;a ouvrir;A APPELER
Guadeloupe;Guadeloupe;GP;Petit-Bourg (Colin Nord-Ouest) et Saint-Martin;Alu Technologie;Fabricant-installateur de menuiseries aluminium et cloisons vitrees, label NF, deux territoires;alutechnologie.fr;+590 590 25 77 98;e-mail + telephone;pret a partir;A ENVOYER 2026-10-14
Guadeloupe;Guadeloupe;GP;Petit-Canal (Gros Cap);Alumettal;Pose de menuiseries aluminium, garde-corps et jalousies;menuiserie-guadeloupe.com;+590 970 35 14 90;e-mail + telephone;pret a partir;A ENVOYER 2026-10-15
Guadeloupe;Guadeloupe;GP;Basse-Terre (75 rue Maurice Marie Claire);FIC ALU;Fabrication et pose de menuiseries aluminium, plus de 30 ans, NF Habitat et Qualibat;ficalu.com;+590 590 81 13 09;e-mail + telephone;pret a partir;A ENVOYER 2026-10-14
Guadeloupe;Guadeloupe;GP;Baie-Mahault (ZAC Moudong Sud);La Vitrerie;Negoce et decoupe de verre et miroir, stock permanent;vitrerie-guadeloupe.fr;+590 590 38 78 20;e-mail + telephone;pret a partir;A ENVOYER 2026-10-14
Guadeloupe;Guadeloupe;GP;Baie-Mahault (ZI Jarry);Miroiterie des Antilles;Miroiterie, SAS, 288 Impasse des Palétuviers;mdantilles.fr;;AUCUN CANAL;a ouvrir;A QUALIFIER
Guadeloupe;Guadeloupe;GP;Baie-Mahault (Quartier Boisneuf, rond-point de Destrellan);SOJAG;Fabrication de menuiseries aluminium depuis 1967, label Qualicoat;menuiseries-alu-guadeloupe.com;+590 590 32 07 07;e-mail + telephone;pret a partir;A ENVOYER 2026-10-14
Guadeloupe;Guadeloupe;GP;Baie-Mahault (rue Alfred Lumière);Savima Vitrerie;Vitrerie;savima.fr;;e-mail;pret a partir;A ENVOYER 2026-10-12
Guadeloupe;Guadeloupe;GP;Baie-Mahault (Lieu-dit Calvaire, Chapelle Gossain);TPF ALU;Menuiseries aluminium sur mesure et brise-vue, SAS;menuiserie-aluminium-tpf.fr;+590 970 35 97 37;e-mail + telephone;pret a partir;A ENVOYER 2026-10-15
Guadeloupe;Guadeloupe;GP;—;Univers du Verre;Vitrerie et miroiterie, Guadeloupe, Martinique, Saint-Martin;universduverre.fr;;e-mail;pret a partir;A ENVOYER 2026-10-12
